ID,buy_list_market_price
509491,
509490,
509495,
509492,
509494,
513067,
506726,0.07
513095,
512544,
512663,
512318,
262778,
499960,1.83
512642,
512597,0.01
503399,0.61
513354,
512410,
206024,0.34
507208,0.12
512656,
513376,0.52
512513,
512393,1.2
512292,
498752,0.36
504530,0.35
512673,
513356,
512607,0.46
513375,
206025,0.34
512479,
507170,0.11
513893,
513597,
513359,
512423,
512424,
513585,
512676,
512548,
513351,
488270,32.08
513062,
503397,0.37
206026,0.38
507178,0.09
509516,
206023,0.4
509500,
513080,
512547,
513505,
512868,
504617,0.48
513339,0.25
512422,
509511,
512220,
512350,
162175,1.65
513358,0.6
226646,0.32
513107,
512205,
239192,0.5
513374,
513890,
513961,0.1
512823,
512710,
498328,0.04
504592,0.2
512204,
512644,
514021,
230147,0.13
512703,
507194,0.05
512222,
512549,
503398,0.1
206022,0.21
512172,
512635,
509487,
513617,
507185,0.02
503414,0.14
512546,0.25
505806,0.24
190650,0.17
513618,
190649,0.63
513344,
513350,
512541,
512377,
512715,
475503,0.02
513386,
509483,
512510,
507137,0.01
503408,0.03
509501,
512401,
512698,
512994,
488255,0.71
256998,0.17
498308,0.19
513346,
512867,
512532,
475525,0.17
475527,0.56
513373,
513377,
503383,0.08
512160,10.1
512640,0.05
512609,
475524,0.24
190651,0.26
498367,34.45
279833,0.45
503393,0.06
513574,
503407,0.77
215716,0.07
503386,0.1
513021,
503403,0.67
279830,0.77
475523,0.26
507166,0.03
513329,
279832,0.62
490469,0.01
505825,0.62
503402,3.43
507118,0.11
512571,
512404,
509486,
279834,0.51
513362,
503601,0.31
513493,
507218,0.3
513072,
498684,0.12
512604,
509485,
509499,
248210,0.19
513401,
503379,0.11
504300,1.02
509512,3.0
512529,
512501,
268785,0.49
513096,
507190,0.02
215719,0.07
504511,0.2
282807,0.16
512714,0.05
512321,
513003,
507096,
247830,0.33
512600,
513331,
503562,0.57
512610,
512178,
257002,0.27
15479,0.18
505377,
488253,0.08
269371,0.7
279831,0.57
513094,
475526,0.22
513064,
513020,
512385,
513824,
503557,0.25
499872,1.25
484539,3.76
503369,0.08
246244,0.02
512706,
230468,0.22
503368,0.02
215713,0.01
498414,9.48
512193,
499221,0.26
512223,
488254,0.1
488131,0.2
262765,0.37
206658,0.03
513353,
513352,
504633,0.91
257000,0.08
506729,2.22
475504,0.02
488129,0.12
512605,
190653,0.57
498352,0.13
507151,0.52
507128,0.22
498419,0.14
228150,0.01
512354,
503382,0.01
183310,0.47
512528,
475502,0.02
475500,0.02
512871,
488251,0.17
512601,1.3
509506,
513092,
246015,0.27
488133,0.17
512543,
505965,2.15
253435,0.05
512684,0.2
512346,
512711,
488134,0.04
503376,0.01
282845,0.19
512679,
498408,0.01
513889,
503373,0.01
505962,0.81
457501,0.41
475501,0.01
512212,
503380,0.01
190652,0.33
512497,0.5
488250,0.09
488126,0.08
235876,1.22
230149,0.02
513820,
512192,
512702,
512236,1.55
509484,
268317,1.35
512598,
498399,0.01
513566,
504192,0.29
458224,0.11
513114,
507143,0.03
503377,0.01
503385,0.01
509513,
509488,
505356,0.38
512158,1.0
499456,5.57
230148,0.28
498404,0.01
503374,0.01
499873,1.16
507472,0.11
512208,
498369,0.2
498407,0.01
273794,0.09
503603,0.01
230150,0.01
513093,
507066,0.01
512496,
478441,0.69
513882,
507115,0.01
512386,0.26
513821,0.05
512366,
505369,0.02
199417,0.56
498406,0.01
509518,
513720,
512199,
512373,
512614,
272580,0.02
513300,
265358,0.16
490631,0.46
488278,0.84
498620,1.93
199035,0.07
499188,2.48
499368,1.59
512493,
230103,0.02
512538,
513332,
509515,5.57
512690,
503389,0.01
257680,0.86
513348,
265352,0.03
512399,
123110,0.22
256997,0.15
512298,
272683,
187181,0.21
265355,0.02
507159,0.16
452824,1.95
488252,0.08
122646,0.31
509529,
513074,
496031,2.44
513013,
490474,0.01
491759,0.41
57820,0.14
265356,0.18
503381,0.01
498425,31.62
272642,0.03
498401,0.01
256994,0.14
110547,0.33
512408,
513885,
512353,
269367,0.2
512512,
507278,0.11
514899,
504504,0.16
498400,0.01
1878,0.02
257681,1.07
512369,
512419,
222103,2.34
221355,0.02
513414,4.0
513877,
512540,
512210,
504612,1.26
499401,0.04
505798,0.23
499443,0.01
257678,0.58
226808,0.01
504105,0.69
269364,0.32
498527,0.01
35529,0.49
230100,0.27
253432,0.01
498363,7.14
512617,
513413,
226407,3.08
509489,
513402,
505106,0.22
514883,
505988,0.1
498402,0.01
512677,
512214,
514901,
247826,1.96
512495,
513421,
512483,
240047,5.1
507339,0.09
478819,0.55
277238,0.55
506051,
507071,
498350,1.19
507307,0.14
512638,
498405,0.01
490413,0.15
512186,
505101,0.07
512874,0.05
504585,4.87
512550,0.01
498682,1.39
505800,0.62
230099,0.01
203570,
505862,0.3
257682,0.88
240166,6.21
221901,1.43
513383,
199342,0.02
240055,0.61
110546,0.3
273423,0.04
243205,0.73
513403,
162231,0.03
512636,
503370,0.01
267061,0.09
491375,0.63
507113,0.12
513384,
503375,0.05
240035,17.62
452286,0.37
499208,0.01
452158,0.61
490468,0.03
499946,2.21
499345,0.99
512338,0.12
513040,
240340,0.06
505970,5.24
239695,0.56
226624,0.24
257685,0.62
507191,
505982,1.52
243448,1.35
509527,
513389,
505105,1.08
504583,0.64
505073,4.15
253735,0.27
513345,
513502,
505387,0.01
512417,0.05
513077,
272617,0.1
504493,0.33
498525,0.92
512511,
14116,0.2
191568,0.96
503464,3.95
498305,1.11
183223,0.34
512517,
512704,
283639,0.01
512225,
512237,
257679,0.89
238619,21.6
262259,0.58
505822,
505763,29.2
491316,0.14
513334,
512569,
513015,
498376,0.01
504190,0.15
495636,0.16
507508,0.05
512602,
240157,0.49
498403,0.01
512488,
506036,
490476,0.01
512542,
246014,0.68
452270,0.61
513029,0.05
227072,0.07
238608,7.48
248248,0.08
513404,
463303,0.02
487805,39.78
144881,0.24
198887,0.05
257009,3.03
504487,2.89
257676,0.95
507123,
230112,0.06
499572,4.32
505793,0.04
257684,0.4
512645,
513406,
126331,1.33
272781,3.44
504162,2.11
253542,0.56
513407,
215373,1.15
273372,1.04
253770,0.19
238609,12.39
235845,0.72
283420,0.75
504495,25.66
249405,0.01
507514,
505332,0.04
505819,2.03
503467,13.26
215384,2.23
512695,
513972,
222380,0.12
512611,
223106,0.03
187186,2.03
512530,
239712,0.02
498303,0.01
513410,
499765,0.35
513650,
513420,
246247,0.06
512515,
512712,
512534,
498365,0.01
505381,0.3
512555,
4815,2.59
1522,0.05
243382,0.41
92829,25.73
512227,
513335,
512494,
451900,0.36
505991,
265353,0.04
239757,1.15
505564,0.09
478426,0.23
507435,0.03
509564,
490536,4.61
164359,0.06
273342,0.65
187242,0.42
498610,0.9
506034,
505998,0.1
505810,0.05
265360,0.03
69196,0.8
92830,22.11
238607,9.17
246243,0.03
505835,3.24
238611,9.76
504130,3.25
498341,7.48
505353,1.04
240045,5.15
505812,0.58
262794,0.08
506767,1.11
452078,0.05
503578,4.73
513089,
262222,13.98
253429,0.03
151824,0.98
513507,
15574,2.35
475561,
512552,
262726,6.57
512682,
257677,0.52
513341,
505737,2.06
505334,0.04
499878,0.46
230466,0.07
506722,
498433,0.02
507486,
505799,0.28
513330,
123071,0.06
239719,0.01
505837,3.05
283403,6.68
265357,0.02
283642,0.01
452303,1.37
499406,0.01
268915,0.69
71021,0.13
503435,1.06
269664,0.33
506733,
507400,
499849,0.1
262776,0.01
495617,0.04
512565,
498680,0.15
262771,0.03
513087,
39521,1.31
505816,0.87
269107,0.02
505138,0.01
1381,0.29
257683,0.42
151826,1.58
15633,1.82
505351,
451938,0.07
505354,
495641,0.17
230105,0.2
273501,0.72
504955,0.06
513340,
505208,0.03
262050,20.92
239716,0.02
505978,0.05
262827,0.04
503394,2.13
253431,0.03
240050,0.8
14628,
238610,13.81
490390,3.49
505836,4.7
498386,0.01
34429,1.01
457078,0.02
512708,
273750,6.07
490335,5.37
498397,4.73
253433,0.03
269065,0.06
188173,1.59
513408,
513738,
498542,0.57
506650,0.26
226653,10.2
478931,1.4
512232,
282787,0.6
514900,
513399,0.01
212260,0.11
82365,0.01
491025,3.59
490547,2.36
451942,0.12
513690,
239714,0.02
198390,0.07
504147,1.3
504494,20.7
262721,0.16
506691,
273397,0.81
236137,0.77
66624,1.94
512990,
503604,0.01
506699,
512309,
253423,0.01
506748,
208384,1.07
503367,9.32
92828,21.65
263077,0.7
503362,10.16
199207,0.31
92831,24.56
183219,2.88
499216,0.11
151825,1.56
499404,0.01
253428,0.02
283635,0.01
505834,2.4
240412,0.02
273555,0.43
506723,
504534,0.16
506749,6.26
505766,0.79
92832,14.97
272616,0.36
505326,
490747,4.23
268758,0.02
14115,0.89
499347,0.04
504187,2.83
162122,0.75
505809,1.25
104997,2.37
513980,
207074,
503404,0.59
498821,0.49
513599,
283640,0.01
513769,
496063,3.98
504045,1.89
175205,9.3
507457,
506690,
199556,0.61
506724,
66560,0.09
507167,0.03
230111,0.23
505833,2.12
507108,
188386,11.4
498378,1.18
505838,3.28
457082,0.02
505344,0.01
504447,4.44
507255,
513565,
478440,1.39
512606,
503633,0.41
505801,
499589,0.14
227037,10.59
504537,1.56
262434,9.11
490466,0.09
506676,
506694,
190942,0.02
509562,
240403,0.04
512202,
504533,3.52
452255,0.81
273195,0.93
512545,
512895,
457071,0.1
4727,0.73
122672,10.9
507516,0.02
221957,0.34
239836,0.21
246439,
505807,0.4
496061,3.99
505759,0.12
188345,0.61
504500,4.59
142036,1.87
504561,23.72
451925,0.41
151828,1.21
268443,0.04
513299,
7357,27.19
499340,0.34
505017,1.86
503548,1.67
513387,
512618,
505788,0.78
505235,0.01
188872,0.02
256995,0.96
506664,1.28
505083,0.05
506014,
257003,1.04
257005,0.82
499328,0.26
5615,15.77
507036,0.25
198407,0.63
283637,0.01
268342,7.77
504536,1.66
506710,
499219,0.4
452228,0.69
506646,1.25
272931,2.11
239801,1.61
192543,3.76
452236,1.5
457137,0.01
236120,0.35
198898,0.51
513411,1.0
512692,5.01
221923,0.26
283524,0.77
503565,10.77
512649,
512686,
4883,0.73
1537,0.74
105272,0.07
504522,1.53
478419,6.23
457135,0.61
503556,5.31
451475,1.91
206926,6.39
198414,0.44
505307,0.09
504167,1.27
479492,0.02
272582,0.34
505974,
67373,0.69
513588,
499719,0.01
268759,0.05
507483,
273623,5.29
252859,0.43
269108,0.04
236021,0.08
505347,
513400,
262420,3.66
505830,2.36
503378,1.45
506046,0.28
512561,
10827,
256982,0.75
206690,0.02
230165,1.47
457077,0.03
136691,0.16
283631,0.1
505038,1.09
513412,
239720,0.02
273649,
506728,
253430,0.03
239713,0.01
503372,8.05
503635,0.16
452124,3.77
221831,0.01
198879,0.06
503359,7.45
503577,4.01
513713,
198683,0.07
505197,0.01
504564,2.67
512516,
272626,0.38
475564,
506732,
15480,0.05
239718,0.01
495654,0.38
512384,
222819,0.23
491395,0.02
498301,0.4
512351,
505338,
505244,0.01
452431,0.05
451455,0.03
498325,6.1
505831,3.19
503388,5.41
478443,1.06
187125,0.35
453207,0.02
503396,0.93
505373,
512536,
505341,
504549,1.45
499566,0.09
478445,1.39
504706,1.88
488272,0.48
183033,13.58
504164,17.39
513745,
512570,
478436,0.04
499459,0.01
230465,0.13
478532,10.11
92981,0.08
33294,1.46
488286,0.42
507090,7.79
507202,0.01
479182,0.05
222825,0.33
513396,
512615,
265354,0.09
504701,0.88
504502,0.56
212115,10.09
509566,
504756,2.52
268455,0.29
499218,8.33
499920,0.01
512992,
505797,0.15
226888,1.27
512873,
60017,0.88
505979,0.99
504286,0.25
478311,1.28
452208,0.06
513378,
498360,7.86
4848,2.96
198966,2.2
503481,1.15
230109,0.01
507174,0.02
269377,0.01
268790,0.03
452230,1.46
215554,0.01
70988,1.76
499027,0.11
505745,0.96
11466,0.23
183583,0.35
503400,1.49
505358,
475563,
498615,0.12
208391,
512869,
198868,0.16
151827,0.95
239807,0.62
498608,0.01
478278,1.9
273676,1.46
505366,0.01
208454,
512305,
498377,0.01
505778,0.17
513593,
226314,10.96
246248,0.03
96697,1.4
475498,0.1
126443,8.65
512383,
499341,0.74
513417,
246242,0.05
198548,0.64
507480,
66420,11.31
263073,0.55
230108,0.01
452265,2.37
9616,5.67
506030,0.03
491821,0.08
4881,1.6
176427,0.21
504554,3.08
505596,0.13
506700,0.9
246449,0.02
230134,0.03
505829,2.88
239715,0.01
457076,0.04
505828,2.16
499562,0.25
253434,0.03
506667,0.37
58931,0.18
273058,0.02
499929,0.01
235660,2.28
505854,1.32
273674,16.82
282758,2.11
262746,3.58
498357,7.61
243349,0.74
269374,0.14
499677,0.13
505827,1.56
221899,0.25
240108,2.01
496050,
256984,1.17
10206,2.11
505188,0.05
233914,0.21
505990,0.27
248183,0.6
512194,
475562,
70993,11.15
208386,0.51
37921,
212133,7.78
507484,
505022,1.5
513639,
505958,1.09
514885,
282804,1.84
499869,2.85
498536,0.26
221913,
68335,1.24
253555,0.12
484548,1.92
512487,
183584,0.37
283633,0.01
175202,10.38
66412,13.26
272799,
478687,0.06
155775,7.8
47694,1.33
505323,
455078,1.8
504516,0.74
90945,0.14
484937,17.98
478244,0.53
475560,
240318,9.87
513582,
506725,
505808,0.39
504748,0.02
11308,0.31
182831,7.44
243329,0.38
498298,5.17
498356,7.82
513418,
212549,0.02
503877,0.26
490235,0.02
283381,0.26
506704,0.62
122658,5.79
506050,
240137,0.22
513879,
498358,7.36
236007,0.83
506695,0.04
498560,0.46
69180,0.21
512641,
478314,1.2
498362,8.32
499311,4.99
182841,7.01
71039,23.02
182836,7.26
4307,5.73
262128,5.41
31833,2.52
498381,7.47
498443,0.01
239804,0.01
129741,1.92
499408,0.01
452103,0.19
499879,0.31
215544,0.22
230164,
512332,
239773,0.01
3360,3.76
505781,0.23
253668,2.04
39062,0.25
505232,0.57
272576,1.67
6703,7.1
499758,0.31
273757,0.34
499578,1.26
499294,0.34
269681,0.9
505775,0.58
490475,0.01
505814,1.75
504962,0.59
504499,0.41
503911,2.71
505345,0.04
498359,7.63
265348,5.39
198394,0.91
206978,10.81
282783,0.14
512477,
498364,7.46
239402,21.63
218259,1.43
498361,7.37
503465,2.32
484935,17.95
499749,0.23
457525,0.02
490400,2.2
267051,0.28
192744,1.77
478308,1.62
509560,
230101,0.01
71202,6.47
206642,8.23
507155,0.01
212177,1.35
504514,0.42
452064,4.72
246017,0.96
505983,
505595,0.27
66421,10.11
495598,6.15
39449,1.52
230153,0.01
240325,27.37
272640,0.02
512872,
512484,
286152,
499292,2.19
39509,1.61
39432,0.87
11423,1.12
513007,
506709,0.17
187187,4.36
505929,3.2
507448,
239364,0.03
498389,1.59
457069,0.02
478982,3.06
495625,0.37
513333,
505995,
221351,7.03
105714,0.22
191075,1.41
238617,0.45
122709,5.42
498543,0.14
4882,0.49
505310,
239776,0.04
212200,0.03
506003,0.44
283622,0.01
490659,0.99
267057,6.16
239741,9.87
491372,0.18
1349,0.05
503434,0.78
13359,2.48
253436,0.07
191058,0.34
505911,1.29
221836,0.01
513714,
262172,1.59
505308,
495646,2.72
499592,0.01
47262,0.02
187194,7.93
208379,1.14
505748,
265349,6.34
461925,0.06
499452,0.02
507145,0.01
503463,0.1
512381,
253534,0.08
506742,
262448,0.49
122600,6.23
236159,0.1
507133,0.02
175196,10.13
479510,4.88
498833,0.43
505321,
493447,0.01
221774,3.24
490490,0.87
206667,2.86
239826,0.94
36518,0.15
188629,0.63
453146,0.02
503584,0.06
66415,7.72
287824,0.02
504184,0.47
235881,4.14
505174,0.01
507495,
198999,0.02
504017,0.22
212617,
104282,
82901,3.86
253426,
498447,0.01
507147,0.05
235848,0.56
230185,1.14
506761,2.83
34738,2.14
506923,0.37
222115,1.32
506954,3.44
457073,0.02
495640,1.44
11682,
509556,
506686,0.23
504702,0.37
253425,0.01
500166,0.01
507460,
507112,0.01
265361,0.04
262787,
36465,1.0
488280,3.1
221839,0.01
513766,
498487,0.15
506854,1.72
36234,0.05
10746,0.14
4880,0.99
499285,0.51
505994,0.11
504215,0.1
513115,
239403,1.17
268570,0.54
215657,0.48
505851,0.59
506047,
207075,1.33
456732,0.3
488273,2.71
35651,1.84
239717,0.01
512713,
498550,0.01
504214,0.45
265351,3.63
513887,
499453,0.05
182125,0.04
505594,0.02
215723,0.01
262193,0.07
505388,1.61
504125,0.46
235658,1.07
506049,
512991,
199387,7.56
93286,0.01
457080,0.03
513385,
507130,
512480,3.24
509533,
272745,0.03
512680,
504763,2.38
506043,
57853,0.19
221841,0.38
230206,2.15
36495,0.48
506042,
512647,
504146,1.02
273082,0.38
191130,0.11
4641,0.45
491482,0.5
262466,0.01
221359,4.73
513361,
457142,0.35
273026,0.15
198745,2.14
484554,0.77
503473,0.12
491823,0.08
283118,4.82
499844,0.03
273362,0.14
478276,15.4
221823,0.01
512382,
248204,0.66
499838,
199428,3.12
212181,0.11
491205,6.49
226839,1.56
208383,0.92
230146,0.21
498379,0.43
507269,
215617,1.44
496153,8.92
504298,0.6
478313,0.79
267058,4.01
246250,0.01
491380,0.02
95379,1.72
513861,
506705,
505999,0.57
505859,3.63
239396,11.25
283625,0.01
207144,0.05
498382,4.73
122918,6.63
499206,0.1
243765,
499209,0.02
484595,6.17
479432,0.57
504505,0.06
129885,0.74
222820,0.12
283655,0.05
512322,
512599,
267056,3.35
498316,0.09
14117,0.33
503905,0.5
513490,
191572,0.01
479363,0.02
499336,0.1
282754,1.63
512498,
265346,5.14
452300,0.06
283629,0.01
230110,0.04
199388,1.41
283407,0.55
505794,0.04
243057,0.23
505114,2.44
175200,13.5
448401,0.02
452198,0.01
235147,2.69
212302,14.55
93033,1.48
93281,0.06
130149,27.68
490472,0.01
226941,1.98
206936,9.31
506045,
496056,5.02
512238,
507303,
478281,0.73
505792,0.05
265359,0.03
272672,
66385,1.88
269062,1.77
52206,11.42
14832,0.05
499876,
513520,
499582,1.56
282785,0.33
243352,0.28
1667,0.01
27769,3.09
230215,0.2
273747,0.14
226959,4.47
212551,3.36
509558,
215654,0.29
507493,
273570,2.99
252959,8.99
190647,25.11
499786,0.47
267054,3.56
273654,
36237,2.42
3384,0.79
496032,0.01
218842,1.73
505823,0.03
504555,5.27
216119,0.07
192637,0.2
506628,
183060,1.68
451474,1.46
105304,0.77
240152,0.68
239734,0.02
479034,0.03
505360,0.01
222030,3.98
230161,6.56
71354,5.34
273586,0.24
448411,1.58
505314,
504550,0.07
67323,9.97
496030,0.02
2315,
505081,0.88
11597,2.05
215712,0.16
226861,0.05
479312,8.57
466241,0.01
188627,0.5
499944,0.01
491469,0.06
478389,2.84
512509,
183213,7.53
491202,12.36
212049,0.54
273086,0.11
489649,2.47
115913,0.38
512535,
221827,0.01
498528,0.1
503406,6.98
513398,0.01
490384,0.01
505774,1.5
105299,0.25
262058,0.69
268383,0.06
239769,3.48
188705,0.74
512502,
507220,0.01
504169,5.2
55906,0.06
499752,0.11
512720,
5508,0.27
230107,0.05
183115,0.03
454796,0.76
499967,4.2
503395,0.56
243154,0.1
506010,
499595,4.79
239774,0.08
175575,5.24
484655,33.98
490493,4.79
457270,0.23
90915,0.04
512639,
458099,0.12
503587,5.13
226634,0.4
503432,0.46
505357,
478490,0.75
272901,6.9
506941,0.6
499776,1.32
188708,5.1
507086,2.34
135091,0.27
215368,2.93
512722,
212123,0.04
479581,0.07
503881,0.39
135074,11.85
499222,0.27
506717,
92817,3.24
505960,3.63
504181,30.95
495639,0.13
491820,0.21
512490,
499732,10.76
499668,0.06
221840,0.01
506037,
66531,0.01
506026,
126433,0.02
505934,1.34
504527,0.08
503426,5.55
192640,2.57
503543,0.17
218844,0.6
506721,
192842,0.27
512241,
114875,1.93
504139,0.12
66388,0.06
504509,0.08
206648,2.87
512553,
191582,0.04
478309,0.78
504580,0.04
267055,3.24
116436,0.29
227274,
505846,1.22
67322,7.98
506007,
212769,0.01
245173,
273506,1.36
67320,7.96
513355,
248106,0.19
505591,0.06
14114,0.49
39492,0.69
476067,
36340,0.64
498317,
506041,
66473,24.16
479343,2.16
505790,3.95
262157,0.02
1898,0.74
504186,6.29
96562,1.92
505789,0.19
478579,0.58
512531,
505972,1.7
273492,0.02
118762,0.87
506643,
262791,0.76
221828,0.03
513091,
499810,3.93
495634,0.24
496064,
504531,9.2
229494,4.84
506675,
142037,1.95
66417,10.9
499213,0.91
478303,0.79
268510,0.02
499782,7.3
240266,0.07
504180,10.2
507529,
229263,4.49
503360,0.2
499808,0.03
503606,
222161,1.25
221360,4.72
513380,
35427,0.39
273206,0.55
239857,32.25
262694,0.03
505316,
503547,1.81
448394,0.01
268665,3.26
505981,0.49
513759,
478328,0.53
272973,0.01
144790,0.01
239711,0.02
499344,0.08
240032,1.19
503551,0.24
226319,0.02
212292,
253063,0.01
457068,0.05
229209,2.07
499212,0.03
246249,0.01
452203,1.0
505984,0.28
504512,0.46
188606,0.08
181716,1.45
262458,0.21
169066,0.96
227049,
279826,2.97
490680,0.13
512514,
176833,0.74
239839,0.71
215526,0.13
498370,0.07
452822,1.83
512486,
207162,0.1
505933,1.02
479577,3.48
505950,1.59
14848,
243193,0.87
273059,0.04
130292,0.02
499866,0.02
221835,0.01
503608,0.15
247968,0.13
499792,0.11
283645,0.01
504271,3.72
506044,0.01
506712,
199001,0.49
499402,1.12
498480,2.07
187204,0.34
495614,0.27
268735,3.52
287145,
277164,0.29
498607,0.02
145268,0.2
283479,0.62
212600,3.52
479564,0.03
451944,1.86
500158,0.01
240727,0.01
505035,2.23
58195,5.28
505976,0.27
222184,0.02
457191,5.93
242412,
499874,0.24
479616,0.04
498430,0.01
215462,0.01
495656,0.1
272779,0.04
507219,0.01
230178,0.02
239388,0.38
499330,0.04
512174,
490404,3.02
512603,
162254,4.66
273875,0.58
498345,0.01
495632,0.07
239444,5.68
495644,0.16
504604,4.46
120528,6.06
243085,0.01
7142,1.22
500087,0.16
161447,1.88
226404,1.96
475507,17.09
265350,4.81
451848,0.05
227128,0.28
505524,0.36
504154,19.38
478295,0.08
499454,0.03
36475,1.35
478284,0.71
499812,0.73
273083,0.06
283127,0.07
449580,0.53
505312,
215550,7.29
505769,0.23
273196,0.52
505132,0.12
505993,0.64
286844,2.46
110817,0.16
506720,
452248,0.06
499332,0.01
490572,0.69
452161,0.47
478240,4.06
272589,0.03
498342,0.02
253753,0.01
513521,
175582,0.93
230903,4.78
33334,0.61
207052,0.17
504525,0.06
221354,3.85
500131,0.12
240103,25.73
478417,0.51
452192,1.16
513682,
187196,0.51
507093,5.27
222039,0.08
498796,0.05
506067,0.03
484553,0.3
273711,1.3
273498,4.58
221357,0.03
273568,0.2
273121,7.56
199026,1.71
230464,
498609,0.01
499952,
253777,0.01
499755,6.98
506648,3.57
198943,0.11
221834,0.01
230933,
122643,5.65
505931,0.46
105007,11.43
206943,0.38
513867,
282752,2.57
506692,
262560,1.27
190784,11.64
503645,0.05
283469,2.15
282800,49.45
499787,0.35
215840,0.01
273084,0.24
452629,0.66
34704,0.73
506702,0.14
505847,1.3
199433,
218404,0.54
230117,0.23
67321,13.74
457215,0.01
505820,0.03
198749,0.27
272914,4.4
505811,0.04
505582,0.06
504553,0.2
505964,0.64
490473,0.01
452098,0.85
504560,0.11
488265,1.1
221969,1.26
191349,7.03
191774,0.02
503575,0.06
4671,1.32
182965,1.03
499785,0.1
273500,1.05
272669,
60009,0.05
503555,0.25
169342,1.42
513392,
505578,0.01
221842,0.23
243389,3.74
253805,0.56
504597,0.07
273745,2.41
236019,0.34
4224,1.97
490406,0.01
243270,3.44
162166,0.48
491484,0.54
122642,6.2
212399,0.01
239611,5.65
35601,1.96
262975,0.03
230154,0.83
239614,1.82
122664,3.25
243062,3.4
191569,0.06
504084,0.14
507097,
504571,0.07
507114,
273778,0.55
513395,
452242,0.06
478472,0.21
187141,3.17
506706,0.56
504090,0.05
513419,
267059,3.83
221860,0.86
499569,0.03
223109,0.01
504532,0.21
226829,2.28
11312,1.47
513748,
506740,
454937,0.02
495638,0.02
451976,1.94
262174,0.62
512654,
491427,0.24
504115,5.94
1479,0.91
111057,
491749,0.01
188468,4.03
504569,4.77
513336,
478553,6.6
503820,0.06
504303,12.43
273765,0.03
513085,
504159,16.7
262862,
507232,
448396,0.07
512310,
506715,
498315,0.04
484940,78.29
176426,1.86
448398,0.03
239619,3.3
162123,1.51
253427,0.02
448405,0.04
504295,0.24
272819,
235130,
505957,8.91
490422,2.07
496055,5.37
490477,0.01
495847,0.24
495610,22.11
145768,0.01
227189,0.01
221830,2.93
93190,4.74
190867,2.95
498618,8.81
239693,0.36
505787,0.04
243438,1.0
222038,12.39
452179,0.4
488282,
240156,8.8
488258,0.02
240037,25.65
116371,9.32
513394,
100015,2.58
222818,0.07
503392,2.37
153058,
513750,
199415,1.09
235546,0.01
92983,0.09
484652,8.52
33304,0.92
452282,1.55
235900,0.01
504953,22.75
478983,1.78
268367,
273411,
512718,
129978,1.37
212282,0.59
5646,0.47
262232,0.75
499563,
503428,4.55
191041,2.86
269805,0.01
187246,0.11
452204,0.01
269438,0.28
273666,
269081,0.08
253597,0.08
208382,0.75
243046,3.15
105379,0.01
212218,29.87
190748,15.6
490388,7.61
498822,0.01
262130,0.17
235118,1.71
282759,1.1
207116,0.01
499735,0.26
505997,0.05
506020,0.03
277245,0.91
273533,
39416,2.69
182127,0.05
496058,
287143,
276333,0.36
499708,0.03
241890,2.58
513871,
162225,0.36
222014,0.21
478688,0.18
198763,2.47
490630,5.02
221953,0.08
164377,3.81
452384,0.06
262194,0.01
478239,2.18
93202,0.99
182842,14.11
498410,0.01
262809,0.02
452914,0.01
499925,0.01
490470,0.01
253009,4.67
142005,3.06
191059,0.38
192612,0.83
239492,0.2
506658,
506666,0.48
39543,3.78
507248,0.01
498346,0.01
498348,0.05
495637,0.19
478957,0.2
452206,0.05
221350,4.26
505861,3.19
504446,0.08
491826,0.04
448706,0.48
451984,0.29
190865,6.31
272643,0.01
513880,
67390,2.01
457075,0.01
505818,0.06
274082,0.01
499753,0.73
265342,0.55
248082,0.06
513872,
513084,
273549,0.88
229267,0.24
4611,0.71
512675,
226684,0.01
506687,
503888,9.16
507424,
505772,0.07
505986,0.06
272732,1.37
47188,0.47
505080,0.79
504558,0.32
273798,12.2
504491,8.26
512159,
512608,
215334,
499711,0.85
507503,
512996,
273366,0.18
504566,20.71
506756,1.12
505786,0.06
59783,0.02
505956,
273081,0.01
105266,0.95
513969,
9623,1.85
199284,0.49
504151,0.03
490798,0.76
226474,1.13
183311,2.23
272902,
273318,0.01
235541,0.01
246241,0.03
240043,0.41
513819,
272926,0.96
504149,3.5
283398,4.64
221829,0.01
32656,0.35
499771,0.16
216588,12.74
499282,0.32
488266,0.15
504578,6.1
452252,0.42
503440,1.27
145254,0.37
503897,0.02
190796,3.36
513365,
226687,1.12
129836,3.95
512999,
66459,2.62
452239,2.31
199232,1.7
504568,7.76
192644,4.27
123109,0.32
498452,0.3
273443,0.02
283626,4.05
513693,
286363,2.17
479047,0.03
129752,0.43
498520,0.02
498438,2.19
451905,2.12
513715,
126480,0.98
273522,0.32
512655,
283186,0.61
512500,
176619,0.32
491426,0.19
273659,2.46
499955,0.01
498416,0.01
162257,0.24
460351,0.05
243386,3.87
269599,0.02
448393,0.05
506021,
262184,0.6
505928,0.79
105594,0.02
247824,4.86
513751,
229211,1.17
240197,0.01
230923,4.17
484549,4.7
252857,3.87
490437,0.74
457177,0.01
513706,
512637,
262039,12.46
269651,0.46
215725,0.01
512184,
191062,5.83
451962,14.11
215673,22.21
505912,
5911,0.01
199539,0.71
56246,0.14
82224,25.36
11310,0.69
503553,0.12
499605,6.81
504614,0.08
11311,0.56
82278,9.14
33320,0.08
505735,0.36
513379,
488269,0.14
235301,0.42
504503,0.18
192562,14.75
505764,0.43
512648,
233934,0.08
239503,0.09
262753,0.01
513839,
222163,10.37
228149,0.01
478411,2.51
268812,0.93
490479,0.01
236144,0.01
283128,0.2
505592,0.02
478927,0.02
513662,
240149,0.03
499761,0.17
111073,0.01
513834,
498380,0.76
199288,2.8
506681,0.87
199508,0.01
451439,2.95
222131,2.26
15481,
504546,7.44
145262,0.01
221817,1.49
207021,14.14
218285,0.41
478960,1.72
507121,
499916,0.01
252854,6.5
188217,0.55
120478,0.04
479347,0.25
490455,0.01
503441,0.04
230200,0.02
490395,0.23
499467,0.01
215680,0.31
499448,0.02
505191,0.29
273020,0.01
457198,4.41
6864,1.4
504497,14.76
452088,0.38
5024,0.24
221822,3.92
499722,0.48
3504,3.18
499312,6.26
198981,0.02
504145,0.48
283649,0.01
273804,0.13
192617,4.45
490530,0.01
215955,0.04
262000,0.01
182838,13.24
221926,0.37
498428,2.34
192786,1.94
452233,3.15
230969,2.28
498454,7.07
198776,0.13
452237,0.04
513388,
484938,47.1
499186,0.02
514016,
490551,0.05
478480,0.18
500165,0.01
451908,3.41
505378,1.49
67878,0.66
495606,5.61
273488,0.07
128953,0.84
206655,0.01
507285,
490603,0.75
120003,5.32
488259,2.03
215556,3.36
263038,0.02
504600,0.06
505863,0.28
191578,0.6
230869,1.57
215360,0.09
269606,3.6
240428,0.06
175203,9.3
218407,0.85
253719,0.03
495612,6.75
142012,6.45
188415,2.64
248594,1.05
34405,0.49
484941,12.04
126329,1.65
248630,0.73
504166,0.62
261980,
141999,2.0
506689,
507088,0.78
505804,0.08
11309,0.49
505961,0.92
126350,6.19
1712,0.62
252856,5.49
229274,0.05
92826,0.05
5299,2.78
240275,0.7
273663,1.12
498450,0.02
212434,0.01
491841,2.06
58301,0.92
504132,19.17
94439,0.43
487803,0.11
191735,2.89
262298,0.05
500171,
505731,
507519,
215579,0.02
230172,0.01
273783,0.13
513731,
235542,0.01
198909,1.2
478288,2.07
457510,0.01
277241,0.17
273584,0.72
478299,0.57
240432,0.03
190998,0.02
498384,0.56
514884,
499026,0.02
505935,0.02
487804,0.07
272599,15.14
4644,7.34
273502,1.04
506739,
100037,0.1
207112,
496053,
512503,
491252,0.32
479365,0.05
478928,0.02
453554,
253424,0.01
495608,2.91
191699,
253680,3.34
507443,0.01
273085,0.02
196427,2.99
480314,0.01
1402,0.31
168308,0.21
100228,0.05
263104,1.27
453018,0.01
269755,0.19
273735,0.24
11882,0.7
283615,0.04
452750,9.8
504102,5.17
512200,
448834,0.77
512216,
484546,3.52
498351,0.04
490338,0.24
503410,
145258,0.01
110798,0.51
452160,2.56
495633,0.02
498395,0.01
505762,0.11
507136,
504586,34.44
504609,0.16
6990,3.28
11563,1.99
129753,0.05
276280,0.03
498306,1.04
100009,5.72
221900,0.03
283419,0.01
506685,0.15
273703,0.1
191068,0.45
495621,0.18
499833,0.02
506040,
452387,0.02
498355,
273577,1.19
239436,0.16
478926,0.09
219616,0.5
187248,0.14
512716,
221821,3.53
247828,7.47
499466,0.01
235548,0.01
272800,2.1
498468,0.24
126326,0.01
498741,0.02
490465,0.01
499446,0.02
452700,10.3
169113,0.11
262886,0.06
451440,4.52
491285,0.1
513082,
283511,0.33
475505,3.43
272928,0.02
71001,1.19
190787,4.13
226662,0.98
268811,0.03
505815,0.04
498824,0.01
4694,1.32
190880,1.26
11383,0.33
192629,3.5
247822,3.56
104280,0.06
448397,0.04
161469,0.42
490478,0.01
269405,1.1
5503,0.6
239588,0.01
269400,2.19
506683,0.15
248137,6.2
513997,
273516,0.01
273772,0.45
478832,0.01
452655,10.19
513390,
58174,0.07
191060,0.32
269390,0.03
13893,
498479,0.67
499818,0.34
115942,3.83
455039,0.46
503594,
504142,14.15
507440,
215960,9.15
221791,1.03
262602,
273361,0.02
221832,2.85
162120,1.38
262049,0.01
47710,0.06
478279,1.41
31697,2.43
503423,1.45
504565,0.03
192642,0.8
283488,0.01
490610,0.12
192522,0.7
272932,0.57
252853,8.84
229232,0.09
110818,3.21
506630,
489897,4.62
457158,11.8
513866,
226134,20.96
67583,1.46
272796,0.02
7421,0.11
506022,
273749,1.29
282720,10.71
190806,5.78
262759,0.04
507092,0.26
253022,0.34
513870,
507140,
115262,3.22
513723,
168773,25.03
504563,0.03
272792,1.39
14186,0.36
115943,1.76
142034,3.56
504507,3.86
505124,0.01
273734,0.27
490506,0.53
196486,40.43
218405,0.47
243290,2.14
215633,0.69
230450,2.12
67350,4.42
262041,4.48
190734,15.27
218284,0.48
499807,2.05
499597,0.95
504562,4.07
191057,1.8
273499,5.83
67378,7.21
187193,2.02
273062,0.55
512240,
4884,0.75
34339,0.56
505777,0.1
263098,1.49
104388,0.01
116388,0.62
4890,0.22
14103,1.3
104398,0.01
505985,0.22
215584,0.29
495613,0.01
239194,0.36
505145,0.04
221847,2.39
221952,5.73
182131,1.1
221837,0.01
219576,2.61
226892,0.02
230114,0.01
490325,0.01
495615,0.26
96501,8.0
247971,0.41
287147,
39523,0.31
5481,0.32
188199,0.06
282753,2.17
505944,0.02
452264,0.07
218281,0.52
162219,0.03
452234,1.21
514019,
234321,1.54
499215,0.01
190862,0.02
457096,1.15
247987,1.88
10350,0.63
273578,0.04
505770,0.04
240320,0.01
490593,0.2
273530,4.07
512164,
488279,0.11
12160,15.72
457276,7.47
490471,0.01
499370,0.01
498393,0.01
506033,0.04
498739,0.01
499189,2.57
490412,0.9
248261,0.01
513416,
239828,0.02
273494,0.31
499739,0.09
282840,1.88
478502,6.15
512539,
506665,
262736,0.01
240036,18.92
190877,26.8
498554,0.01
495609,2.5
199542,0.04
507091,0.71
490629,0.17
212082,0.37
448412,6.36
491493,0.09
498860,0.02
503475,5.46
490507,1.0
478615,1.56
212277,0.8
507095,0.88
498549,0.12
504489,0.04
240458,0.05
261985,0.01
273753,0.07
506678,0.26
495648,0.25
452832,0.02
248136,2.0
505082,1.05
273323,0.09
500157,0.01
478536,1.72
498538,0.01
272791,0.01
498423,0.01
253148,1.16
218408,0.13
263096,0.73
504567,0.02
504124,0.01
222132,2.0
506711,
507507,
221778,1.43
273087,0.01
104391,0.01
162205,1.98
13270,0.38
512658,
191064,0.2
144956,0.04
451446,0.62
12154,0.48
452642,0.37
498844,0.03
491428,0.06
215558,1.33
215603,2.67
507298,
252855,3.93
505930,0.44
452221,1.41
507267,0.01
100327,0.95
175591,1.94
499267,0.03
495642,0.18
47225,0.3
282773,0.54
95316,0.69
283421,0.22
499396,1.74
499820,0.57
448845,0.45
71022,0.02
253470,0.18
233273,2.36
227006,0.48
230106,0.05
216346,3.44
283486,0.01
276248,
498431,0.01
3503,0.01
272725,0.01
498392,0.02
236130,0.01
498337,0.2
272982,1.56
498522,0.01
191210,0.35
499444,0.01
498439,1.69
67424,1.11
262474,
491783,0.18
198743,0.02
513364,
235866,0.55
100330,0.05
276797,1.0
273384,0.01
212351,2.6
98817,0.46
512870,
282784,0.68
498552,0.01
506673,
478578,0.55
248761,2.18
6495,0.75
239792,0.01
230140,0.01
498336,0.01
268366,0.44
222821,0.32
283271,0.08
221838,1.47
229495,4.8
121427,0.58
455087,
219613,0.63
233930,0.1
215472,0.01
273700,0.23
145267,12.74
273459,0.04
269592,5.85
499742,0.88
505932,0.51
452340,0.02
505948,0.95
513702,
142015,0.53
513873,
222124,0.16
206945,0.04
222409,1.9
478809,0.01
269616,0.18
499796,0.33
464282,0.02
498304,0.01
239632,0.01
499712,0.1
243336,2.17
498415,0.09
66647,3.15
110873,0.81
503651,0.08
221361,0.95
490443,2.01
14113,0.54
503390,8.14
478415,0.11
262181,0.24
490360,4.31
240168,0.06
478929,0.01
499788,0.01
129682,1.98
215509,0.06
169154,0.58
190883,0.33
273534,0.05
262322,0.15
198424,8.91
35604,0.03
212180,0.05
282788,1.11
262837,1.1
268500,0.04
448833,0.54
215611,0.01
513755,
246246,0.03
162125,20.42
215343,5.04
244288,0.06
190793,2.34
513894,
448402,0.04
475509,0.12
283016,6.4
507199,
247832,1.22
71411,0.16
499775,0.22
453145,1.52
451476,0.6
114877,
11976,0.65
230173,5.94
478451,0.05
212690,10.67
162234,0.77
39598,0.04
273890,1.67
57678,0.03
499698,0.17
176885,0.24
282927,0.85
272747,0.05
448399,0.03
273699,0.34
273531,
273561,0.4
506880,0.21
215727,0.01
263085,2.89
452533,0.06
52174,0.34
126323,0.07
490361,4.88
226631,0.15
221843,1.75
14720,2.43
234026,2.91
503600,
188862,1.33
187139,0.05
457180,0.04
287983,0.01
498683,0.06
286158,5.71
236115,5.48
11592,2.82
239830,0.73
206895,0.02
506714,0.66
33322,3.9
513940,
243893,0.69
452430,0.01
35627,1.2
192526,0.05
129750,1.18
498434,0.17
222096,0.39
83253,0.62
490344,0.45
269358,1.4
499350,1.42
248209,0.05
491339,0.04
475510,0.12
454983,0.48
498349,0.05
269372,0.1
272955,
243156,0.07
212692,10.13
499606,5.61
498470,0.13
452421,0.66
215322,1.21
273643,
18623,0.52
175546,
282786,0.85
491454,2.33
506754,1.06
199057,1.01
66662,0.32
83156,0.37
190986,1.95
13265,0.64
286323,
246245,0.01
283192,10.27
11562,0.98
478597,2.13
499197,0.01
144964,1.33
268736,6.22
513725,
272734,0.01
269632,0.68
6836,0.33
221884,7.85
66457,2.18
145787,0.01
498388,0.01
252848,0.02
484556,1.94
222110,1.61
1819,
499723,0.05
240221,0.02
478618,1.33
465497,0.01
247974,3.21
240052,0.04
499744,0.07
274310,0.32
227048,17.33
513760,
18079,13.57
286524,2.94
235964,0.54
505785,0.07
272802,
457252,9.59
504449,0.02
276936,1.13
491419,0.01
273731,0.01
227117,
212695,8.94
222167,8.93
227008,25.48
233683,0.05
491398,0.17
253679,0.01
196537,0.01
91041,15.23
36353,0.25
506610,
11403,
11318,0.34
496059,3.43
227273,6.01
10170,1.32
218436,0.79
499823,0.02
254020,0.02
269639,1.2
457123,2.35
491714,0.01
272680,
191063,0.03
12083,1.06
491540,0.59
13256,0.25
488268,0.08
506029,0.25
505743,0.05
268316,0.01
57606,0.06
283603,0.13
513478,
78844,1.7
452177,0.7
448705,4.0
183439,0.1
93224,0.03
187126,0.35
262132,
212119,0.07
222111,0.42
507273,
198860,1.62
286442,
503878,0.01
499204,0.01
504099,4.97
452661,0.13
212191,30.99
161794,2.23
504091,0.08
188604,0.14
285866,6.25
11702,0.36
507225,0.01
495618,0.15
233961,1.33
187202,
499506,0.11
273376,0.03
6425,2.75
34391,0.13
240183,0.03
462963,0.01
188995,1.47
122729,0.78
216264,5.93
162121,1.49
199543,0.03
187118,0.03
110696,1.28
212689,11.2
273710,0.1
506928,0.4
142001,1.37
504087,2.05
452768,0.01
273336,0.01
499661,0.68
448400,0.01
457092,1.16
111056,
5722,0.73
198755,5.21
190724,16.6
90864,0.01
503599,0.01
229212,0.22
452388,0.99
452361,0.21
273695,0.07
226929,0.56
479612,0.01
221824,0.01
282860,8.6
506039,0.04
104736,0.07
506002,0.06
188637,3.46
11561,0.97
66616,0.03
268942,0.16
11522,0.21
273008,0.92
230170,0.01
512864,
78651,0.4
491193,0.01
207337,1.53
283414,0.01
122931,0.08
198356,11.15
499837,
66547,3.54
465705,0.01
505852,0.2
503384,14.01
283075,0.01
110905,1.58
272741,0.3
198395,0.01
47259,0.04
167826,1.94
262751,0.01
243579,0.01
155593,0.2
269477,3.97
478294,0.14
273490,0.1
114864,1.74
273504,1.2
269388,0.28
1388,29.4
206769,0.05
235131,
269125,1.57
230176,0.14
229207,4.3
504588,25.77
192220,0.33
513397,
461961,0.02
263105,0.32
120259,2.87
169236,1.26
234066,0.02
221962,0.08
155683,0.15
215714,
282735,0.07
499451,0.05
269378,0.01
235322,0.01
130155,0.25
57594,0.12
161796,
12236,0.12
282969,0.79
240147,0.01
499510,3.28
144856,6.26
126406,2.18
512558,
457259,4.63
498840,3.07
484555,0.19
499603,0.07
272544,0.4
282772,0.44
513363,
13412,0.59
191348,0.23
120119,0.65
490407,0.28
506668,
71045,2.74
1412,10.84
448592,
58873,4.13
282755,3.06
247982,1.55
247841,1.24
269766,1.06
243581,0.16
248292,0.04
243353,0.27
505117,0.01
263106,1.81
34377,0.14
35605,0.11
498413,0.01
36236,0.07
276283,0.03
513917,
268362,2.64
498460,9.85
504556,0.01
145263,0.01
162244,0.27
215961,0.05
478705,14.32
499958,1.85
227227,1.38
272612,
221826,0.01
505768,0.08
222055,0.03
498548,0.02
12311,0.38
490607,0.39
451921,1.52
1502,0.05
230102,1.49
491376,0.05
169152,2.5
162224,0.92
272960,
14311,2.69
491460,3.21
5554,4.0
286012,0.02
35533,2.62
262579,0.05
499577,0.01
272705,0.02
457203,0.01
56237,1.76
499839,0.03
267049,7.67
226827,0.39
500114,8.3
477036,0.08
257672,2.66
226354,0.01
499532,1.21
479511,3.89
498412,0.01
513661,
60035,0.59
504183,0.03
499586,0.02
273532,2.01
234216,17.9
498390,0.01
4919,0.11
277144,0.02
212735,0.01
513869,
273111,
499806,0.21
233786,7.01
245174,
498441,0.01
251636,0.49
35629,1.78
495602,3.85
212770,0.28
4407,0.77
478571,0.71
243256,1.93
227319,1.54
67447,0.17
254027,0.02
115917,3.12
164228,3.36
478604,1.69
236072,2.72
222102,0.02
240154,0.03
273012,
505126,0.01
490355,8.66
239819,2.96
490340,2.25
507181,0.01
452209,0.13
488267,0.01
498457,13.85
221820,1.41
249447,0.01
130062,0.01
500155,0.01
13705,0.28
499412,0.01
272778,0.01
4726,
499316,17.32
498650,0.05
512505,
498385,0.01
479647,
490365,3.26
227034,2.28
57879,0.01
286351,6.1
268415,0.01
240060,2.33
13976,3.15
491273,6.52
499680,0.03
233996,0.07
155800,0.06
499733,1.73
287144,
126369,0.05
248289,0.44
234346,0.35
512239,
239179,21.57
268940,3.0
272541,0.9
498334,
47648,6.02
11582,0.37
513669,
507094,
513747,
286268,0.87
71483,0.53
513086,
499875,0.01
192594,0.04
495817,0.38
206633,0.03
490531,2.32
276364,0.15
66550,0.02
203567,
4419,
226141,0.05
479644,1.28
233519,0.7
52194,0.15
499450,0.02
272737,0.04
215974,2.18
58902,0.89
253568,0.97
491249,0.02
478457,0.16
499207,0.01
513722,
247525,10.68
490494,0.08
192540,0.43
505776,0.07
212764,0.18
120285,1.0
1938,9.58
199465,0.39
452214,0.22
176588,3.43
286332,2.04
134886,3.28
226668,0.01
191138,0.01
452175,0.03
92979,2.43
498455,10.3
499868,0.04
491270,1.89
226675,9.26
499750,4.0
226641,0.06
169106,1.05
68000,0.16
162242,0.01
56324,30.84
452646,0.1
491429,0.24
253536,0.05
478277,15.6
226694,0.47
506621,8.43
507431,
491758,0.01
39064,0.06
499587,0.22
273477,2.42
255772,0.29
513705,
104389,0.01
240167,0.38
488283,6.08
11494,0.03
268744,0.05
452247,0.61
505097,0.4
452117,0.28
93156,0.31
218403,0.21
496052,8.81
499288,0.01
212693,9.6
192521,3.07
455095,1.0
191559,2.16
269366,0.2
120513,1.88
240435,
196523,0.73
162214,
66390,0.01
506741,1.11
82176,0.7
11670,0.03
504518,3.21
96561,1.5
104387,0.01
490621,4.65
457098,0.85
457095,1.19
504548,0.08
191557,1.5
162119,1.23
500310,0.01
192544,5.3
507437,0.07
499266,0.02
69900,7.73
452968,0.2
162250,0.16
498437,1.11
498456,40.69
39095,22.18
47267,0.38
262056,0.14
129883,0.37
199019,0.37
10885,0.61
262287,1.38
499318,24.88
110996,2.62
222040,0.11
230257,2.29
498524,0.01
14163,0.12
216701,
1483,0.12
498435,1.03
227010,15.4
273535,0.19
235545,
226151,0.04
37502,
269416,1.39
229251,2.46
233899,2.63
129833,0.09
458753,3.09
233269,1.48
207020,
503595,
276325,15.48
273473,0.05
513891,
499828,1.07
272975,0.01
67334,0.4
273319,0.01
192635,0.03
215698,1.52
11578,0.12
34364,0.02
144867,0.01
229378,2.47
276485,1.13
116489,0.2
248764,0.88
503422,0.69
490332,0.06
66570,2.14
191140,0.73
119689,3.64
282794,0.02
248754,0.86
6295,0.58
58297,7.23
506649,0.01
498326,6.86
273743,1.03
92827,0.14
505923,3.85
488284,31.64
129748,0.14
492034,0.02
505178,0.03
78851,1.01
34444,21.46
448406,0.17
100273,1.82
480319,0.01
499540,
5899,0.96
498526,1.13
218406,0.48
236151,0.04
196569,1.29
506719,
91106,24.29
130277,0.02
513654,
235883,1.02
490660,0.02
70997,1.75
478572,0.21
499571,0.01
269234,0.07
95037,1.38
491399,0.16
164701,0.02
499687,0.25
490498,0.18
499871,0.01
176914,
499224,0.46
230452,0.01
513947,
498318,0.03
499025,
14118,0.39
506746,
286168,7.31
276469,0.87
263348,0.01
243374,0.11
100041,0.6
499290,0.01
507317,0.01
155794,1.59
240146,0.45
212696,8.21
36242,0.01
191343,10.69
230731,0.49
513658,
455284,0.14
488281,10.3
452176,0.67
18173,0.06
243056,0.76
206806,0.02
273355,0.72
505780,
272632,0.03
466914,0.01
164400,0.01
247827,3.71
183580,0.04
247906,1.8
504703,0.02
100099,3.93
283384,0.03
272885,0.26
190997,7.62
499846,
11314,8.69
269415,0.01
506826,4.17
478965,0.03
262859,0.01
192592,1.23
5051,13.9
507207,
507377,0.01
457159,0.03
226883,0.01
283153,0.02
243078,1.14
243293,14.54
451437,5.68
503438,1.53
499326,25.99
276905,0.56
10327,5.23
490447,7.66
507454,
499933,0.01
512218,
513370,
39135,0.96
196682,2.17
269673,0.43
273547,0.08
262389,0.01
268340,1.05
222101,0.03
273653,0.03
269231,0.26
227046,4.23
58997,0.14
457280,2.14
452165,0.03
506680,
198584,3.11
457199,5.31
507175,
161421,0.67
282996,1.31
499747,0.02
269642,0.88
13931,0.25
458831,0.25
269408,0.6
240203,
234269,5.95
505236,0.01
496065,13.87
490950,0.09
263061,0.02
226971,
235585,0.12
130054,1.76
262709,0.01
253458,1.01
491029,3.46
491734,0.01
283456,1.51
283155,0.02
272601,0.01
451926,0.92
169245,2.28
268433,1.5
230430,0.03
488263,0.21
126408,0.08
235273,0.23
513905,
36226,0.14
72300,0.44
262858,0.01
507346,
236201,0.11
479640,2.22
452106,2.97
5434,1.8
513529,
240057,0.01
190635,0.03
273307,0.06
452794,0.49
115897,2.65
273696,1.08
162903,0.01
32697,1.46
243341,0.6
499323,9.11
39087,0.17
490591,0.01
162167,0.1
513367,
176839,2.82
4927,3.82
513342,
287122,2.68
282858,0.37
212694,9.2
253677,1.99
262122,3.03
478460,0.17
212364,0.06
212699,0.45
234275,24.33
490357,2.06
451906,0.37
506674,0.44
269593,0.08
499503,0.01
276686,21.56
129571,1.55
206836,6.73
215443,20.14
479039,0.03
283607,0.25
212044,0.08
478282,0.59
499599,0.06
7515,0.13
135080,1.78
199056,0.22
14315,4.11
13308,0.17
478435,0.26
239837,0.01
452148,0.07
451899,0.48
155688,2.18
488261,
273702,0.01
262634,0.03
176617,0.18
505004,
5581,0.36
262443,0.02
455605,0.06
257673,1.4
219627,0.31
235929,0.01
504445,0.02
283463,0.76
452150,0.32
253801,0.04
282955,2.31
12315,0.52
268829,0.03
286352,0.06
510903,
192888,
499591,0.01
125849,0.09
236070,5.17
513950,
236676,0.02
268648,0.08
499447,0.44
513349,
491373,0.16
507127,
499783,0.68
246016,0.52
498418,0.01
11767,0.32
70989,0.78
490612,0.17
66304,0.01
66568,0.01
246453,0.01
206854,6.98
488264,0.05
268416,0.01
104386,
513368,
34464,0.3
268750,0.35
215372,0.91
233724,1.55
499441,0.01
267050,0.16
34414,3.2
190836,11.02
215959,0.02
287146,
191265,0.76
71032,0.04
5159,6.53
128656,0.03
162170,0.1
269068,0.03
499726,0.11
507475,
233879,0.08
239442,0.01
495607,0.98
269679,2.84
198710,0.52
129749,
478576,1.07
199361,35.44
451911,0.02
506001,0.04
4639,11.33
262818,0.02
269112,0.03
96362,4.62
272624,0.01
478546,1.02
262027,2.23
221845,2.8
95249,11.49
240138,0.03
273809,4.03
513381,
198903,0.03
504559,12.09
513964,
262201,0.08
269397,0.09
448830,0.34
503596,
498442,0.01
498465,31.31
286527,3.73
498858,0.01
499610,0.07
252937,6.45
142016,0.02
448819,0.78
191753,0.05
498371,0.13
499734,0.48
229208,3.32
491819,0.01
273474,0.07
243927,2.42
282796,0.16
456716,0.6
513655,
212168,5.2
196488,
513975,
215837,0.03
452503,0.1
492045,0.31
491838,0.21
282771,0.09
215329,0.03
188393,0.52
215341,12.46
452195,0.01
1331,3.76
100230,0.15
499922,0.02
283492,0.05
215553,0.05
499800,
272818,0.01
243781,0.53
272915,0.29
457269,8.39
253682,0.49
123143,0.21
215608,0.04
212221,20.72
253169,8.85
236399,0.68
226848,0.01
253792,0.01
505363,0.01
12437,2.05
491386,0.03
488262,
36444,11.12
212763,0.06
276641,0.41
499217,0.01
227232,
145269,3.75
91110,4.83
283015,1.16
7378,0.1
512342,
269720,6.19
39043,0.12
513943,
119260,31.74
273576,0.38
512163,
235671,0.08
451963,0.04
272627,0.09
226632,2.29
236547,
269661,1.89
451920,0.34
212691,11.52
273352,0.01
104397,0.01
273310,0.01
451966,0.55
59933,
129814,0.15
229210,1.58
230447,0.02
262770,0.01
507490,0.01
273744,0.04
499940,0.92
499584,1.02
272614,
136719,0.02
191773,0.18
452349,0.04
27202,0.56
39595,11.24
241891,0.48
267925,3.15
130043,0.01
236315,0.43
268973,1.85
226886,0.43
66456,0.01
507139,
499625,0.07
39060,0.01
239195,3.16
212711,0.62
499561,0.01
499536,0.47
478325,0.03
263268,0.01
498299,4.61
187725,0.06
273671,0.02
457202,3.88
235551,0.57
507158,
478543,3.02
196277,9.25
240279,0.02
478605,1.06
283461,0.21
66516,0.21
282745,9.16
495655,0.2
39528,1.04
452308,0.2
67379,0.08
236672,5.66
218412,0.03
499348,0.46
56284,
268838,0.04
4617,0.14
490356,0.22
273014,14.03
248179,2.24
505821,0.04
452123,0.14
221873,1.41
452137,0.01
499863,0.29
221872,1.67
263052,3.98
499369,0.01
505199,0.01
6445,1.55
187255,0.14
506945,0.22
196454,6.81
243428,0.62
507154,
6389,1.18
499674,0.08
504951,
505817,0.04
236068,1.81
283163,0.2
187117,13.28
286037,3.54
283089,0.01
452092,0.01
4527,2.72
499714,0.13
240017,0.01
228145,0.03
452350,0.01
110832,1.96
155682,
498429,0.01
276320,0.05
6547,0.44
78742,0.04
276424,0.86
226400,0.39
242804,0.01
448831,0.14
218830,1.43
18624,0.1
212697,10.49
452164,0.01
221825,0.01
227229,
484573,3.65
39429,6.56
262757,0.01
273543,0.21
286364,1.29
512650,
451444,5.87
226266,0.01
492820,4.69
55979,3.48
82238,1.58
35542,0.02
491433,1.34
240212,6.17
507111,
104813,0.17
230123,0.45
277222,0.1
67394,2.31
262048,0.01
498464,11.18
78855,0.39
513757,
82203,3.98
513835,
254021,0.02
67963,
498444,0.51
192838,0.08
466633,2.61
513656,
505848,0.13
489676,2.83
122686,0.22
185803,8.49
194913,0.38
507301,0.01
262133,0.39
69117,0.01
191131,10.51
478465,0.01
243139,0.61
276737,25.45
505015,0.88
505760,
457100,1.23
239844,1.1
451477,0.44
269365,0.01
67436,5.67
454999,0.04
10254,0.23
505727,
484562,0.01
505137,0.01
488260,0.01
257493,1.24
451889,0.07
169324,0.62
452225,0.11
506780,0.61
207101,0.01
235117,0.02
216017,1.04
39593,5.5
192602,1.84
499790,0.07
458047,3.1
191633,0.26
452232,0.15
499198,0.01
257020,28.11
513911,
448842,0.7
129681,0.98
196472,0.47
206758,8.25
215627,0.09
478416,0.27
484596,1.52
512235,
6149,1.74
144537,1.89
239371,0.04
498738,0.02
449630,4.17
513729,
273468,0.05
59977,0.02
215369,12.44
498343,0.04
262750,
283623,0.04
283367,0.8
239852,0.02
262780,0.01
262007,
491281,1.24
36417,1.27
52179,1.18
513360,
272561,0.01
215349,5.39
496155,0.04
230470,1.32
499805,0.41
262781,1.07
129819,7.76
215626,1.19
273343,0.76
491589,0.16
129725,0.01
110995,0.58
142038,2.78
488256,0.01
100229,0.38
69146,0.16
14706,0.14
240249,0.02
135076,0.09
235381,18.2
190948,0.08
279823,0.11
452073,0.11
499691,0.47
198852,
7891,1.23
168709,1.73
238618,2.81
478616,1.02
452420,0.01
451948,0.05
164292,0.54
236671,3.0
490358,2.12
218810,1.86
269404,0.01
243495,3.24
507129,
11691,0.01
59810,0.39
100419,7.72
499590,0.03
285851,
276502,3.55
272701,0.02
268536,3.4
269346,0.14
262227,18.02
191579,0.79
268356,3.73
499774,0.93
215892,0.01
262564,0.86
498446,0.01
252858,0.36
234089,0.65
478304,0.08
115984,0.17
11808,16.78
192633,0.03
484508,0.08
273483,0.11
499751,0.72
456739,0.6
202996,5.55
11802,12.88
37859,4.05
207066,0.08
18177,0.03
14809,0.24
252931,3.8
155601,0.39
283491,0.06
283604,0.02
282928,0.99
499772,3.96
7453,0.48
1828,0.01
452111,0.26
452178,0.08
34740,0.09
498463,4.7
491393,0.17
230201,0.21
452104,0.15
491829,0.01
498347,0.01
176616,0.09
452151,0.04
505783,
499945,0.8
34328,19.03
52176,1.55
484563,0.01
248225,0.36
505975,1.47
212622,2.47
243330,0.01
226872,10.68
262659,0.89
262861,
36233,0.39
5312,0.87
33358,7.43
505064,1.59
142039,2.7
479288,0.06
286337,2.74
4842,0.02
34839,0.02
276922,0.02
39555,2.6
499947,5.52
11579,0.05
66397,0.03
126461,0.01
451914,2.56
499200,0.01
57808,0.1
452115,0.07
188347,0.67
67429,4.03
239443,0.01
218939,10.65
192504,0.61
513734,
498422,0.31
500164,0.03
499367,
272613,
496431,0.23
7150,0.05
448832,0.32
182121,1.76
276386,15.04
504523,
36342,3.28
490977,11.92
513369,
230420,0.01
247829,8.2
122871,0.09
215941,0.01
39417,4.34
11486,0.07
66410,2.08
104285,25.75
120116,1.77
505796,
498420,0.56
478444,0.11
507522,
14368,0.3
452194,0.65
69975,0.29
10905,1.28
191689,
235143,0.94
269757,0.23
212698,10.03
100225,0.24
499458,0.01
479278,0.01
262603,
490409,0.26
144969,0.01
4636,0.61
500161,0.01
504529,0.03
229265,0.89
66303,0.01
100271,4.31
479613,0.07
513754,
192791,0.61
199286,0.03
498467,0.03
240161,0.02
488276,36.5
490353,0.05
267048,0.15
190874,0.04
283122,0.75
110860,0.12
222019,0.37
145337,2.56
11504,0.07
188853,0.02
478450,0.73
168484,1.56
235648,5.63
66396,2.2
145370,1.63
39072,0.35
1455,0.05
59923,0.01
110823,1.72
484597,5.59
236361,
262437,12.8
35544,0.16
498373,0.01
212030,0.04
243866,1.13
495611,2.17
452168,0.01
262989,1.19
449596,4.59
13719,0.37
176615,0.04
239742,0.01
263102,0.42
499505,0.47
500060,0.2
39448,
175197,0.47
490692,0.05
240283,0.06
513945,
18404,0.63
479103,0.02
187221,0.01
196515,3.34
215708,0.31
221786,0.84
512504,
66601,4.59
254826,0.39
183062,0.04
90988,
247977,0.05
507510,
168333,0.31
453030,0.01
126488,10.64
273436,0.02
92982,0.14
248147,0.02
499924,0.05
194914,6.4
499528,0.93
222130,
490430,0.19
263008,0.04
35508,0.01
240460,
230954,1.27
104396,0.03
92977,0.01
268417,0.01
247823,3.23
226294,0.02
115904,0.91
226669,54.69
262616,0.01
491382,0.54
490625,0.08
451450,0.13
490411,0.01
498417,
498466,1.92
208392,
187114,0.01
248746,0.99
91273,0.26
457251,9.2
490367,0.01
130159,1.5
272735,0.65
236162,0.04
452269,2.74
282473,0.51
243886,1.21
11540,1.31
155719,2.04
212752,
499670,0.02
83263,0.52
448395,0.11
192896,0.38
195017,
490331,0.03
135017,2.07
227317,0.04
162150,18.88
235595,0.01
191209,0.07
286553,2.58
243753,4.1
66661,9.45
122655,0.3
262789,5.27
230921,0.1
243071,0.22
119676,0.01
168618,2.16
253057,7.99
448836,0.2
247839,2.54
513836,
273001,42.28
4190,1.62
69953,5.41
240444,0.01
448854,0.11
233956,4.97
513744,
207466,
513919,
104394,0.01
276961,0.77
262764,0.01
498335,0.01
11850,1.97
457121,1.64
478463,0.18
499611,6.17
188701,25.83
283449,0.01
145637,0.31
175231,16.69
507501,
192788,1.34
499646,0.02
455607,0.02
273524,
513727,
96630,2.6
57630,0.36
276309,0.02
13277,0.83
215320,3.12
504046,
67915,1.13
142025,1.71
105628,0.65
192519,0.62
243021,2.49
4146,59.96
269729,1.93
262051,30.0
188356,0.01
235370,1.92
196757,0.4
512482,
498330,0.02
198566,0.02
216178,20.96
499740,0.02
513868,
226355,0.01
273321,0.02
212611,0.01
39092,0.27
499320,6.25
55904,2.82
499440,0.01
226866,1.24
273386,0.01
134931,1.23
499327,5.9
246013,0.65
155648,1.64
79149,0.23
272724,
499449,0.74
1341,2.01
10340,3.09
507176,
499974,0.1
4121,0.08
216557,1.01
276350,4.63
36232,0.01
52177,1.38
206802,0.01
490410,2.31
145820,0.01
215721,0.01
182994,0.12
240223,0.02
240181,0.02
39610,
491845,0.01
39050,6.57
71275,0.46
145707,0.01
269624,2.29
240134,0.02
218934,11.65
34816,1.48
141995,1.19
219003,0.03
269082,0.03
451929,5.37
188346,0.69
277154,0.01
491837,0.01
514020,
276397,16.13
491546,0.9
479576,0.02
235206,0.03
231233,1.18
507491,
229243,4.34
452392,0.04
499968,4.66
230116,0.01
229237,3.19
9627,12.98
230497,0.27
215718,0.01
198559,0.02
498690,0.01
478385,0.12
13716,
283402,0.11
287522,0.14
498440,11.02
56221,
242994,0.01
495732,0.33
506018,
230135,36.59
507109,
499319,5.36
505165,0.01
484583,0.07
176777,5.75
126431,20.79
227047,
192909,0.95
276270,14.78
243048,0.01
145766,0.67
451867,1.09
490565,1.44
66558,0.01
169218,2.23
513415,
168696,0.74
27609,0.1
269448,0.85
15602,1.66
503592,
285868,4.96
188488,1.82
479307,0.15
36399,4.63
240051,0.23
229233,0.56
247825,4.77
499289,0.01
243737,1.09
71011,0.11
513742,
490786,0.12
199425,0.15
272880,0.04
33464,13.54
495629,0.01
269707,2.32
286459,2.13
66448,10.5
32563,0.55
233511,0.07
55922,8.6
269692,0.4
285916,4.91
191732,
39423,4.99
272939,
234063,
273381,0.01
269605,0.2
499745,0.15
191725,0.02
480326,0.01
451975,20.41
466301,0.4
499811,2.38
176935,0.04
499941,0.01
67944,0.77
478338,0.79
198565,
199024,0.14
503559,0.06
10856,3.21
499679,1.02
498436,0.39
1825,0.53
257028,13.97
230462,0.01
490391,0.24
269623,1.94
498462,5.54
452413,0.01
499717,
484559,0.01
283698,0.01
230983,0.73
39139,0.18
267052,10.66
226963,
484643,
272722,0.02
212120,0.54
212704,0.02
499798,0.35
513641,
283330,0.06
498383,0.01
100305,1.91
269654,0.81
229254,3.63
188861,4.08
272600,10.97
236601,0.09
491194,0.01
95253,1.61
499644,1.24
221925,0.02
452223,0.04
136705,0.06
243055,0.18
10249,0.64
216530,21.99
59989,3.16
272723,
498445,11.57
9345,0.84
118757,0.63
198422,0.02
176429,0.09
269672,0.15
507463,
448904,53.1
212597,0.97
78841,0.38
248104,4.55
66505,0.53
496156,0.4
276436,1.35
56297,0.08
10573,0.23
66474,0.24
222412,
499442,0.01
234111,2.42
491379,1.25
498329,0.01
491246,0.02
257035,17.91
240040,0.39
36401,2.88
498469,0.04
505041,1.67
235161,0.47
478541,0.99
448829,0.24
499930,0.02
282842,0.67
491390,0.04
169272,1.19
457110,0.14
455356,0.23
9590,0.21
239197,0.4
269351,0.17
227023,
272908,0.01
505758,
498426,5.94
227196,0.1
498556,2.62
82235,2.06
98856,0.4
1571,9.09
18020,0.11
192847,0.32
498321,0.02
457247,0.01
227311,0.23
479617,0.02
276422,0.67
104402,0.01
119681,2.13
458255,0.02
498344,
273472,0.01
503816,0.01
118740,
499707,0.05
192631,0.08
196561,0.87
18609,6.89
27648,0.13
263345,0.01
36411,2.03
247898,0.72
504117,0.03
478498,0.03
33470,11.73
499351,6.37
276897,9.72
83189,0.32
188119,0.36
510091,
9526,1.0
491389,0.02
269425,0.02
5983,3.0
239722,0.02
262205,0.02
98390,1.64
478497,0.14
269370,0.51
499936,0.01
452422,0.03
230188,0.08
498453,0.92
499939,0.01
222541,
491769,0.16
478500,0.01
145361,2.27
491412,0.02
155580,7.13
452352,0.02
252918,5.87
221848,0.01
136623,0.01
215470,1.58
18179,0.04
273551,0.34
507107,0.01
100181,
39157,0.01
212344,6.07
513343,
498841,0.16
4703,3.12
175192,0.37
222095,6.06
452534,0.01
105544,0.11
196637,3.92
500096,0.27
239626,0.03
155781,0.01
495619,0.07
451964,4.85
190882,0.13
243285,0.01
93158,0.12
58842,34.98
507489,
248787,0.3
212754,0.03
206855,5.93
248212,26.82
248628,0.33
235960,0.01
153226,2.95
452211,0.03
283353,0.06
495599,0.94
83234,
286150,0.03
227178,
71026,0.8
230214,1.21
212477,0.05
514888,
499313,5.61
233369,1.23
5300,9.35
199346,0.01
194575,2.19
272657,0.92
188506,3.74
69145,0.25
230439,1.23
262784,
455349,9.18
479570,0.01
187183,
67317,3.34
452309,4.71
230872,0.21
196546,
36424,0.57
498458,3.6
33269,0.62
461811,1.07
28598,0.08
168596,0.18
155581,2.8
452373,0.28
478492,0.3
448839,0.19
229234,1.73
276282,0.31
457987,1.36
453106,0.01
121830,1.33
282896,3.78
247969,0.43
227074,0.03
235245,2.11
478316,0.08
39454,5.05
69888,9.26
67417,0.65
273558,0.05
498613,0.01
58373,21.27
230260,4.55
478377,0.13
272641,0.01
499329,0.34
206941,0.03
499777,0.01
504572,
499801,0.09
269717,0.17
66475,0.04
452383,0.01
230748,0.1
285848,4.61
478650,
95224,14.07
10917,0.26
196473,2.5
36313,0.89
142035,1.38
120286,1.08
268398,11.41
499630,0.04
7896,0.3
188906,0.52
